BMI,Index,Column,Lower Limit,Upper Limit
53.2,120,BMI,13.849999999999998,50.25
55.0,125,BMI,13.849999999999998,50.25
67.1,177,BMI,13.849999999999998,50.25
52.3,193,BMI,13.849999999999998,50.25
52.3,247,BMI,13.849999999999998,50.25
52.9,303,BMI,13.849999999999998,50.25
59.4,445,BMI,13.849999999999998,50.25
57.3,673,BMI,13.849999999999998,50.25
